Serial Number,bonds_aaa
1,0
2,0
3,81.48
4,77.9
5,28.6
6,0
7,46.37
8,21.86
9,0
10,0
11,0
12,0
13,0
14,0
15,0
16,0
17,0
18,0
19,32.99
20,0
21,0
22,49.97
23,49.97
24,32.99
25,49.97
26,49.97
27,0
28,49.97
29,0
30,0
31,0
32,49.97
33,12.16
34,0
35,0
36,0
37,0
38,0
39,51.84
40,0
41,0
42,0
43,0
44,0
45,0
46,0
47,0
48,0
49,61.47
50,0
51,32.99
52,0
53,0
54,0
55,0
56,0
57,0
58,0
59,48.7
60,0
61,0
62,0
63,0
64,0
65,0
66,0
67,0
68,0
69,0
70,0
71,0
72,0
73,0
74,-0.57
75,0
76,0
77,0
78,0
79,0
80,0
81,13.31
82,0
83,0
84,0
85,0
86,0
87,0
88,0
89,0
90,32.99
91,0
92,0
93,0
94,0
95,0
96,0
97,0
98,0
99,0
100,0
101,0
102,0
103,77.9
104,40.04
105,93.7
106,0
107,0
108,0
109,0
110,0
111,29.62
112,24.22
113,24.22
114,29.12
115,0
116,0
117,0
118,0
119,0
120,0
121,0
122,29.12
123,0
124,0
125,61.47
126,0
127,0.21
128,0
129,0
130,0
131,0
132,29.62
133,0
134,0
135,0
136,0
137,0
138,0
139,0
140,0
141,29.12
142,29.12
143,49.51
144,49.51
145,49.51
146,78.67
147,73.1
148,0
149,73.1
150,73.1
151,73.1
152,73.1
153,0
154,0
155,0
156,0
157,0
158,0
159,0
160,0
161,0
162,0.21
163,0.21
164,0
165,0.21
166,10.1
167,0.21
168,0.21
169,1.21
170,1.68
171,0
172,0
173,0
174,0
175,0
176,0
177,0
178,0
179,96.96
180,0
181,0
182,0
183,0
184,0
185,0
186,0
187,0
188,29.12
189,0
190,10.1
191,0
192,0
193,0
194,0
195,0
196,0
197,0
198,0
199,24.22
200,24.22
201,0
202,0
203,24.22
204,0
205,0
206,0
207,0
208,0
209,0
210,0
211,0
212,0
213,0
214,0
215,0
216,0
217,3.88
218,0
219,78.67
220,0
221,0
222,0
223,73.1
224,0
225,0
226,0
227,0
228,0
229,0
230,0
231,0
232,0
233,0
234,0
235,0
236,91.5
237,0
238,0
239,36.84
240,100
241,0
242,0
243,99.34
244,0
245,0
246,0
247,27.97
248,0
249,27.97
250,0
251,27.97
252,0
253,0
254,0
255,96.96
256,91.5
257,0
258,100
259,93.2
260,0
261,0
262,0
263,0
264,0
265,29.62
266,2.33
267,0
268,12.16
269,0
270,6.45
271,0
272,0
273,0
274,62.54
275,0.87
276,3
277,3
278,3
279,3
280,5.77
281,1.58
282,0
283,0
284,0
285,3.2
286,0
287,0
288,62.43
289,30.42
290,66.33
291,94.59
292,23.67
293,31.34
294,35.54
295,46.36
296,74.24
297,32.33
298,0
299,0
300,0
301,0
302,0
303,0
304,3.88
305,0
306,0
307,0
308,0
309,0
310,0
311,0
312,1.61
313,20.17
314,0
315,20.17
316,20.17
317,0
318,72.41
319,0
320,0
321,0
322,0
323,37.41
324,94.59
325,37.41
326,31.34
327,35.54
328,46.36
329,74.24
330,23.49
331,0
332,12.16
333,0
334,27.41
335,1.61
336,27.41
337,12.16
338,12.16
339,12.16
340,0
341,5.77
342,9.05
343,0
344,0
345,1.61
346,9.05
347,0
348,27.85
349,1.78
350,45.46
351,62.9
352,45.07
353,30.03
354,0
355,0
356,0
357,0
358,21.96
359,0
360,48.92
361,27.85
362,0
363,0
364,0
365,0
366,0
367,0
368,0
369,0
370,88.48
371,43.71
372,56.17
373,0
374,56.17
375,49.97
376,94.57
377,1.86
378,94.57
379,57.26
380,11.87
381,0
382,0
383,0
384,0
385,0
386,3.88
387,0
388,0
389,98.11
390,0
391,88.48
392,0
393,0
394,0
395,0
396,0
397,0
398,0
399,0
400,0
401,0
402,64.5
403,0
404,0
405,3.28
406,4.6
407,9.33
408,12.11
409,0
410,0
411,9.33
412,22.44
413,9.33
414,1.86
415,0
416,0
417,5.85
418,0
419,5.85
420,0
421,0
422,0
423,0
424,0
425,0
426,0
427,0
428,0
429,0
430,0
431,0
432,0
433,0
434,48.92
435,0
436,0
437,21.96
438,21.96
439,21.96
440,21.96
441,21.96
442,21.96
443,21.96
444,0
445,0
446,0
447,0
448,97.18
449,0
450,69.33
451,94.57
452,0
453,0
454,0
455,0
456,1.9
457,0
458,0
459,94.57
460,0
461,94.57
462,5.46
463,24.21
464,0
465,0
466,0
467,0
468,0
469,0
470,0
471,0
472,0
473,0
474,0
475,0
476,0
477,0
478,0
479,0
480,0
481,0
482,0
483,0
484,0
485,0
486,0
487,0
488,0
489,0
490,0
491,0
492,0
493,0
494,0
495,0
496,0
497,0
498,0
499,0
500,0
501,0
502,0
503,0
504,0
505,0
506,0
507,0
508,0
509,0
510,0
511,0
512,0
513,0
514,0
515,0
516,0
517,0
518,0
519,0
520,0
521,0
522,0
523,0
524,0
525,24.15
526,24.15
527,24.15
528,24.15
529,40.59
530,40.59
531,40.59
532,40.59
533,40.59
534,40.59
535,33.72
536,33.72
537,33.72
538,33.72
539,33.72
540,33.72
541,0
542,0
543,0
544,0
545,0
546,0
547,0
548,0
549,0
550,0
551,0
552,0
553,0
554,29
555,0
556,0
557,0
558,0
559,0
560,0
561,0
562,0
563,0
564,0
565,0
566,0
567,0
568,0
569,0
570,0
571,0
572,32.33
573,32.33
574,32.33
575,32.33
576,32.33
577,32.33
578,0
579,0
580,0
581,0
582,0
583,0
584,0
585,0
586,0
587,0
588,0
589,0
590,0
591,0
592,0
593,0
594,0
595,0
596,0
597,0
598,0
599,0
600,0
601,0
602,0
603,0
604,0
605,0
606,0
607,0
608,3.55
609,56.46
610,0
611,0
612,0
613,0
614,100
615,0
616,0
617,83.56
618,0
619,3.55
620,0
621,0
622,3.55
623,0
624,97.18
625,0
626,0
627,0
628,0
629,0
630,0
631,0
632,0
633,0
634,0
635,51.84
636,0
637,0
638,46.72
639,0
640,0
641,0
642,0
643,0
644,0
645,35.54
646,0
647,3.88
648,0
649,0
650,0
651,0
652,0
653,0
654,0
655,3.55
656,0
657,0
658,0
659,3.55
660,0
661,0
662,0
663,0
664,0
665,0
666,26.29
667,26.29
668,26.29
669,26.29
670,26.29
671,26.29
672,0
673,74.24
674,0
675,66.33
676,0
677,0
678,0
679,0
680,0
681,0
682,0
683,0
684,0
685,62.43
686,0
687,32.33
688,0
689,0
690,0
691,0
692,0
693,0
694,0
695,0
696,0
697,0
698,23.67
699,94.59
700,0
701,44.89
702,0
703,3.55
704,0
705,44.24
706,44.24
707,44.24
708,44.24
709,44.24
710,3.55
711,44.24
712,3.55
713,0
714,39.19
715,72.41
716,39.19
717,66.33
718,0
719,47.62
720,39.19
721,0
722,39.19
723,3.88
724,62.43
725,39.19
726,46.36
727,30.42
728,39.19
729,0
730,0
731,44.89
732,0
733,0
734,0
735,0
736,0
737,0
738,0
739,0
740,0
741,0
742,0
743,0
744,0
745,0
746,0
747,0
748,0
749,0
750,0
751,46.72
752,0
753,31.34
754,18.32
755,39.69
756,24.22
757,39.69
758,13.2
759,0
760,0
761,0
762,13.67
763,25.92
764,22
765,0
766,0
767,0
768,0
769,0
770,0
771,0
772,15.08
773,56.46
774,0
775,0
776,0
777,0
778,0
779,0
780,0
781,0
782,0
783,0
784,0
785,0
786,39.69
787,0
788,0
789,0
790,39.69
791,0
792,39.69
793,0
794,61.47
795,0
796,0
797,0
798,0
799,0
800,0
801,0
802,0
803,0
804,0
805,0
806,0
807,0
808,0
809,18.32
810,0
811,18.32
812,0
813,0
814,0
815,1.8
816,0
817,24.21
818,2.35
819,0
820,0
821,0
822,0
823,0
824,0
825,0
826,0
827,0
828,77.67
829,77.67
830,0
831,77.67
832,77.67
833,0
834,0
835,2.37
836,0
837,2.37
838,0
839,63.18
840,0
841,22.12
842,0
843,0
844,18.32
845,72.72
846,47.62
847,0
848,9.89
849,4.6
850,0
851,0
852,9.89
853,0
854,0
855,0
856,0
857,0
858,0
859,0
860,0
861,0
862,0
863,0
864,51.84
865,0
866,0
867,0
868,0
869,0
870,0
871,0
872,0
873,0
874,0.87
875,0
876,0
877,0
878,1.86
879,2.05
880,1.86
881,5.85
882,0
883,0
884,0
885,0
886,0
887,98.9
888,35.11
889,5.52
890,6.87
891,5.52
892,23.95
893,0
894,20.47
895,2.37
896,13.67
897,0
898,0
899,0
900,0
901,0
902,0
903,0
904,0
905,0
906,0
907,0
908,0
909,0
910,0
911,0
912,0
913,0
914,0
915,7.91
916,0
917,0.65
918,0
919,13.13
920,83.56
921,83.56
922,83.56
923,0
924,83.56
925,48.06
926,48.06
927,48.06
928,48.06
929,48.06
930,0.73
931,48.06
932,24.22
933,24.22
934,24.22
935,24.22
936,0.73
937,0.73
938,0.73
939,0
940,0
941,0.73
942,0
943,0
944,0
945,0
946,0
947,0
948,0
949,18.32
950,80.21
951,0
952,0
953,0
954,0
955,0
956,98.1
957,48.06
958,48.06
959,48.06
960,0
961,0
962,0
963,0
964,0
965,0
966,9.6
967,0
968,0
969,0
970,0
971,0
972,0
973,0
974,0
975,0
976,0
977,0
978,0
979,9.6
980,0
981,0
982,0
983,0
984,0
985,0
986,18.79
987,9.6
988,18.79
989,63.1
990,9
991,18.32
992,0.87
993,0.87
994,0
995,0
996,0
997,25.62
998,0
999,73
1000,0
1001,70.5
1002,0
1003,0
1004,0
1005,0
1006,0
1007,0
1008,0
1009,0
1010,0
1011,0
1012,0
1013,0
1014,0
1015,0
1016,0
1017,77.7
1018,29.25
1019,0
1020,63.18
1021,0
1022,0
1023,5.28
1024,0
1025,24.15
1026,0
1027,0
1028,44.89
1029,29.25
1030,0
1031,0
1032,0
1033,0
1034,0
1035,0
1036,9.33
1037,0
1038,0
1039,23.95
1040,13.67
1041,18.32
1042,0
1043,0
1044,0
1045,0
1046,94.57
1047,0
1048,0
1049,0
1050,0
1051,0
1052,0
1053,0
1054,0
1055,0.87
1056,0
1057,1.9
1058,0
1059,0
1060,0
1061,0.87
1062,0
1063,0
1064,0
1065,0.87
1066,0
1067,0.87
1068,0.87
1069,0
1070,0
1071,0
1072,0
1073,0
1074,14.04
1075,0
1076,0
1077,0
1078,0
1079,0
1080,0
1081,73
1082,73
1083,73
1084,0
1085,0
1086,0
1087,0
1088,0
1089,0
1090,0
1091,0
1092,0.87
1093,0
1094,0
1095,0
1096,0
1097,0
1098,0
1099,0
1100,0
1101,0
1102,0
1103,0
1104,0
1105,0
1106,0
1107,0
1108,0
1109,0
1110,0
1111,0
1112,0
1113,0
1114,0
1115,0
1116,0
1117,100
1118,100
1119,100
1120,100
1121,0
1122,0
1123,0
1124,0
1125,0
1126,0
1127,0
1128,0
1129,0
1130,0
1131,0
1132,17.42
1133,0
1134,45.09
1135,22
1136,0
1137,0
1138,0
1139,0
1140,54.75
1141,82.92
1142,0
1143,0
1144,0
1145,49.51
1146,38.63
1147,49.51
1148,0
1149,38.75
1150,4.73
1151,0
1152,0
1153,4.73
1154,0
1155,0
1156,0
1157,0
1158,0
1159,0
1160,0
1161,0
1162,0
1163,27.41
1164,2.1
1165,0
1166,0
1167,0
1168,0
1169,0
1170,0
1171,0
1172,0
1173,0
1174,0
1175,0
1176,3.88
1177,0
1178,1.58
1179,0
1180,0
1181,0
1182,1.79
1183,1.6
1184,0
1185,4.1
1186,14.14
1187,0
1188,0
1189,0
1190,84.52
1191,0
1192,0
1193,0
1194,0
1195,0
1196,1
1197,1.89
1198,0
1199,1.89
1200,0
1201,96.96
1202,0
1203,0
1204,0
1205,0
1206,0
1207,0
1208,0
1209,0.65
1210,82.65
1211,0
1212,0
1213,0
1214,0
1215,0
1216,0
1217,0
1218,0
1219,0
1220,0
1221,0
1222,94.59
1223,0
1224,0
1225,0
1226,0
1227,29.03
1228,0
1229,0
1230,27.03
1231,0
1232,0
1233,0
1234,0
1235,0
1236,0
1237,0
1238,0
1239,0
1240,0
1241,0
1242,0
1243,0
1244,0
1245,12.45
1246,0
1247,9.14
1248,0
1249,0
1250,0
1251,0
1252,0
1253,0
1254,0
1255,0
1256,0
1257,0
1258,2.71
1259,0
1260,0
1261,0
1262,0
1263,0
1264,0
1265,0
1266,0
1267,0
1268,17.42
1269,0
1270,29.03
1271,0
1272,0
1273,0
1274,0
1275,0
1276,0
1277,0
1278,0
1279,0
1280,0
1281,0
1282,14.99
1283,0
1284,0
1285,0
1286,0
1287,0
1288,0
1289,63.18
1290,18.5
1291,0
1292,0
1293,0
1294,14.04
1295,0
1296,0
1297,0
1298,100
1299,0
1300,0
1301,0
1302,0
1303,0
1304,0
1305,0
1306,0
1307,34.84
1308,0
1309,0
1310,34.84
1311,0
1312,13.58
1313,0
1314,0
1315,0
1316,0
1317,0
1318,0
1319,0
1320,0
1321,33.05
1322,0
1323,0
1324,0
1325,99.68
1326,6.61
1327,54.75
1328,2.1
1329,0
1330,0
1331,0
1332,3.88
1333,41.73
1334,0
1335,2.05
1336,0
1337,41.73
1338,41.73
1339,41.73
1340,0
1341,41.73
1342,0
1343,0
1344,0
1345,0
1346,41.73
1347,99.86
1348,0
1349,0
1350,99.86
1351,0
1352,0
1353,0
1354,0
1355,0
1356,9.89
1357,0
1358,0
1359,94.6
1360,0
1361,6.62
1362,0
1363,94.6
1364,0
1365,6.62
1366,94.6
1367,0
1368,6.62
1369,6.62
1370,67.29
1371,67.29
1372,0
1373,0
1374,0
1375,49.26
1376,0
1377,0
1378,46.22
1379,0
1380,0
1381,0
1382,0
1383,0
1384,0
1385,0
1386,0
1387,32.9
1388,0
1389,0
1390,27.71
1391,63.2
1392,0
1393,22.12
1394,0
1395,32.99
1396,0
1397,0
1398,0
1399,0
1400,15.87
1401,15.87
1402,15.87
1403,27.03
1404,27.32
1405,27.03
1406,0
1407,0
1408,0
1409,0
1410,0
1411,0
1412,53.97
1413,0
1414,0
1415,0
1416,0
1417,11.97
1418,61.47
1419,0
1420,51.84
1421,51.84
1422,0
1423,0
1424,0
1425,0
1426,51.84
1427,0
1428,51.84
1429,0
1430,51.84
1431,19.82
1432,0
1433,0
1434,0
1435,0
1436,0
1437,0
1438,0
1439,0
1440,0
1441,0
1442,0
1443,0
1444,0
1445,11.31
1446,0
1447,11.31
1448,25.48
1449,25.48
1450,0
1451,0
1452,0
1453,0
1454,0
1455,0
1456,0
1457,0
1458,0
1459,0
1460,0
1461,0
1462,0
1463,0
1464,22.12
1465,0
1466,0
1467,0
1468,11.87
1469,0
1470,0
1471,0
1472,0
1473,0
1474,0
1475,0
1476,46.22
1477,46.22
1478,0
1479,0
1480,0
1481,31.35
1482,49.51
1483,0
1484,46.23
1485,0
1486,46.23
1487,46.23
1488,46.23
1489,46.23
1490,0
1491,46.72
1492,16.05
1493,9.16
1494,15.9
1495,46.72
1496,47.09
1497,46.72
1498,46.72
1499,47.62
1500,2.35
1501,49.51
1502,0
1503,0
1504,47.62
1505,47.62
1506,47.62
1507,47.62
1508,84.76
1509,84.76
1510,84.76
1511,84.76
1512,84.76
1513,84.76
1514,84.76
1515,38.97
1516,29.17
1517,5.3
1518,9.16
1519,0
1520,11.18
1521,0
1522,7.16
1523,0
1524,0
1525,31.35
1526,0
1527,0
1528,9.33
1529,0
1530,3.2
1531,98.1
1532,3.2
1533,20.76
1534,2.35
1535,0
1536,49.51
1537,15.87
1538,0
1539,0
1540,0
1541,0
1542,0
1543,0
1544,0
1545,0
1546,0
1547,0
1548,0
1549,23.95
1550,0
1551,0
1552,0.65
1553,0
1554,0
1555,0
1556,10.1
1557,0
1558,0
1559,76.38
1560,0
1561,10.1
1562,0
1563,10.1
1564,38.63
1565,14.06
1566,0
1567,0
1568,0
1569,0
1570,0
1571,0
1572,0
1573,0
1574,14.06
1575,14.06
1576,0
1577,46.23
1578,0
1579,0
1580,0
1581,0
1582,0
1583,45.5
1584,30.08
1585,45.5
1586,0
1587,0
1588,0
1589,0
1590,2.87
1591,4.05
1592,0
1593,1.79
1594,0
1595,0
1596,0
1597,0
1598,0
1599,0
1600,11.31
1601,0
1602,3.95
1603,0
1604,37.19
1605,37.19
1606,37.19
1607,37.19
1608,37.19
1609,0
1610,0
1611,0
1612,0
1613,1.86
1614,0
1615,0
1616,0
1617,0
1618,0
1619,0
1620,0
1621,0
1622,0
1623,0
1624,0
1625,0
1626,0.87
1627,36.84
1628,0
1629,0
1630,3.88
1631,0
1632,0
1633,0
1634,0
1635,0
1636,46.23
1637,0
1638,0
1639,0
1640,0
1641,0
1642,0
1643,0
1644,0
1645,0
1646,0
1647,0
1648,0
1649,0
1650,0
1651,0
1652,0
1653,0
1654,0
1655,0
1656,0
1657,0
1658,0
1659,0
1660,0
1661,47.09
1662,0
1663,0
1664,0
1665,0
1666,0
1667,0
1668,0
1669,0
1670,0
1671,55.81
1672,55.81
1673,55.81
1674,0
1675,0
1676,0
1677,0
1678,0
1679,0
1680,0
1681,0
1682,0
1683,0
1684,0
1685,80.9
1686,80.9
1687,0
1688,80.9
1689,10.78
1690,10.78
1691,32.48
1692,32.48
1693,32.48
1694,47.62
1695,28.32
1696,28.32
1697,0
1698,28.32
1699,28.32
1700,19.05
1701,0
1702,0
1703,0
1704,0.68
1705,0.68
1706,0
1707,0
1708,0
1709,0
1710,13.2
1711,2.65
1712,18.32
1713,0
1714,0
1715,0
1716,0
1717,0
1718,0
1719,0
1720,0
1721,0
1722,0
1723,0
1724,0
1725,0
1726,1.76
1727,27.41
1728,27.41
1729,84.76
1730,52.74
1731,2
1732,0
1733,2
1734,0
1735,23.95
1736,52.48
1737,52.74
1738,1.86
1739,0
1740,1.86
1741,0
1742,1.86
1743,3.28
1744,4.17
1745,20.79
1746,90.2
1747,94.6
1748,1.21
1749,1.21
1750,2.71
1751,23.79
1752,22.14
1753,0
1754,0
1755,3.88
1756,0
1757,0
1758,0
1759,44.51
1760,0
1761,30.56
1762,30.56
1763,0
1764,0
1765,0
1766,0
1767,0
1768,0
1769,36.66
1770,23.88
1771,0
1772,0
1773,10.1
1774,0
1775,25.62
1776,0
1777,0
1778,0
1779,0
1780,0
1781,0
1782,0
1783,0
1784,1.9
1785,0
1786,27.97
1787,0
1788,0
1789,0
1790,0
1791,0
1792,66.83
1793,0
1794,0
1795,0
1796,0
1797,0
1798,0
1799,0
1800,0
1801,0
1802,16.65
1803,0
1804,0
1805,0
1806,0
1807,0
1808,66.83
1809,0
1810,0
1811,0
1812,29.12
1813,0
1814,0
1815,0
1816,0
1817,0
1818,0
1819,0
1820,0
1821,0
1822,0
1823,0
1824,0
1825,0
1826,0
1827,0
1828,0
1829,0
1830,0
1831,0
1832,0
1833,0
1834,0
1835,0
1836,0
1837,0
1838,0
1839,0
1840,0
1841,0
1842,0
1843,0
1844,0
1845,0
1846,0
1847,66.83
1848,0
1849,0
1850,0
1851,0
1852,0
1853,0
1854,0
1855,0
1856,0
1857,0
1858,0
1859,0
1860,0
1861,0
1862,0
1863,0
1864,0
1865,0
1866,0
1867,66.83
1868,0
1869,0
1870,0
1871,0
1872,0
1873,0
1874,0
1875,0
1876,2.37
1877,2.37
1878,2.37
1879,2.37
1880,2.37
1881,0
1882,0
1883,75.27
1884,75.27
1885,75.27
1886,75.27
1887,75.27
1888,0
1889,0
1890,0
1891,0
1892,0
1893,0
1894,0
1895,0
1896,0
1897,0
1898,0
1899,0
1900,25.32
1901,25.32
1902,25.32
1903,25.32
1904,0
1905,0
1906,0
1907,0
1908,0
1909,0
1910,0
1911,0
1912,0
1913,0
1914,0
1915,17.3
1916,0
1917,0
1918,0
1919,0
1920,0
1921,0
1922,0
1923,0
1924,0
1925,0
1926,0
1927,0
1928,0
1929,0
1930,0
1931,0
1932,0
1933,0
1934,0
1935,0
1936,0
1937,0
1938,0
1939,0
1940,0
1941,0
1942,0
1943,0
1944,0
1945,0
1946,0
1947,0
1948,0
1949,0
1950,9.33
1951,9.33
1952,9.33
1953,0
1954,0
1955,0
1956,0
1957,0
1958,0
1959,0
1960,0
1961,0
1962,0
1963,0
1964,0
1965,0
1966,0
1967,0
1968,0
1969,0
1970,25.32
1971,0
1972,0
1973,24.77
1974,24.77
1975,0
1976,0
1977,0
1978,67.17
1979,0
1980,70.55
1981,100
1982,75.47
1983,0
1984,0
1985,79.31
1986,0
1987,0
1988,0
1989,0
1990,0
1991,0
1992,83.96
1993,0
1994,0
1995,84.76
1996,11.12
1997,0
1998,0
1999,0
2000,85.9
2001,68.09
2002,83.62
2003,0
2004,0
2005,0
2006,0
2007,0
2008,24.22
2009,24.22
2010,0
2011,0
2012,76.5
2013,98.28
2014,24.77
2015,61.47
2016,28.06
2017,65.97
2018,0
2019,85.81
2020,28.9
2021,28.9
2022,28.9
2023,28.9
2024,28.9
2025,28.9
2026,28.9
2027,28.9
2028,85.81
2029,0
2030,0
2031,0
2032,0
2033,0
2034,100
2035,100
2036,0
2037,32.33
2038,32.33
2039,32.33
2040,32.33
2041,0
2042,0
2043,0
2044,0
2045,0
2046,0
2047,0
2048,0
2049,0
2050,0
2051,0
2052,0
2053,0
2054,0
2055,61.05
2056,61.05
2057,61.05
2058,61.05
2059,61.05
2060,61.05
2061,63.18
2062,67.17
2063,26.16
2064,26.16
2065,61.05
2066,0
2067,70.55
2068,23.95
2069,57.5
2070,75.47
2071,67.17
2072,61.47
2073,75.47
2074,79.31
2075,83.96
2076,72.61
2077,70.55
2078,68.09
2079,83.62
2080,85.81
2081,85.81
2082,3.26
2083,3.26
2084,79.31
2085,63.1
2086,63.1
2087,63.1
2088,63.1
2089,63.1
2090,63.1
2091,63.1
2092,83.96
2093,46.16
2094,0
2095,21.07
2096,85.9
2097,84.76
2098,84.76
2099,85.9
2100,68.09
2101,83.62
2102,83.56
2103,83.56
2104,83.56
2105,83.56
2106,83.56
2107,83.56
2108,83.56
2109,85.81
2110,0
2111,0
2112,0
2113,85.81
2114,70.5
2115,70.5
2116,70.5
2117,70.5
2118,79.9
2119,79.9
2120,70.5
2121,0
2122,0
2123,57.5
2124,37.26
2125,67.17
2126,12.6
2127,12.6
2128,12.6
2129,12.6
2130,12.6
2131,12.6
2132,12.6
2133,12.6
2134,37.26
2135,12.86
2136,0
2137,70.55
2138,75.47
2139,3.04
2140,76.49
2141,0
2142,79.31
2143,0
2144,58.9
2145,83.96
2146,0
2147,0
2148,84.76
2149,37.26
2150,85.9
2151,68.09
2152,0
2153,83.62
2154,0
2155,0
2156,0
2157,0
2158,0
2159,0
2160,0
2161,0
2162,0
2163,85.81
2164,85.81
2165,4.94
2166,0
2167,0
2168,3.2
2169,30.79
2170,0
2171,3.2
2172,0
2173,0
2174,0
2175,0
2176,0
2177,4.94
2178,0
2179,31.83
2180,31.83
2181,31.83
2182,31.83
2183,31.83
2184,31.83
2185,31.83
2186,67.17
2187,77.7
2188,68.09
2189,0
2190,0
2191,25.17
2192,70.55
2193,75.47
2194,0
2195,0
2196,0
2197,79.31
2198,0
2199,83.96
2200,83.62
2201,84.76
2202,0
2203,85.9
2204,85.81
2205,85.81
2206,0
2207,0
2208,0
2209,0
2210,0
2211,0
2212,0
2213,0
2214,0
2215,0
2216,0
2217,0
2218,0
2219,0
2220,0
2221,0
2222,0
2223,0
2224,83.56
2225,0
2226,0
2227,0
2228,67.17
2229,0
2230,4.24
2231,42.75
2232,4.24
2233,0
2234,0
2235,0
2236,0
2237,0
2238,0
2239,70.55
2240,75.47
2241,0
2242,0
2243,0
2244,0
2245,0
2246,79.31
2247,0
2248,83.96
2249,0
2250,0
2251,0
2252,27.9
2253,27.9
2254,27.9
2255,27.9
2256,27.9
2257,0
2258,83.62
2259,0
2260,84.76
2261,0
2262,0
2263,0
2264,0
2265,0
2266,0
2267,85.9
2268,68.09
2269,85.81
2270,80.21
2271,83.56
2272,83.56
2273,83.56
2274,83.56
2275,83.56
2276,83.56
2277,0
2278,0
2279,0
2280,0
2281,0
2282,0
2283,85.81
2284,0
2285,4.24
2286,0
2287,0
2288,0
2289,32.19
2290,0
2291,0
2292,0
2293,0
2294,0
2295,0
2296,0
2297,0
2298,0
2299,0
2300,0
2301,0
2302,0
2303,0
2304,0
2305,0
2306,0
2307,3.26
2308,0
2309,0
2310,0
2311,2.1
2312,0
2313,0
2314,0
2315,0
2316,0
2317,0
2318,68.77
2319,63.1
2320,68.77
2321,68.77
2322,68.77
2323,0
2324,77.7
2325,45.5
2326,67.12
2327,67.12
2328,67.12
2329,67.12
2330,75.47
2331,0
2332,79.31
2333,83.96
2334,83.62
2335,84.76
2336,0
2337,61.34
2338,85.9
2339,68.09
2340,85.81
2341,0
2342,0
2343,0
2344,0
2345,0
2346,0
2347,0
2348,4.84
2349,4.84
2350,4.84
2351,0
2352,4.84
2353,0
2354,67.17
2355,85.81
2356,0
2357,0
2358,0
2359,0
2360,0
2361,0
2362,0
2363,0
2364,0
2365,0
2366,47.76
2367,47.76
2368,47.76
2369,47.76
2370,47.76
2371,47.76
2372,47.76
2373,21.07
2374,12.86
2375,12.86
2376,0
2377,0
2378,12.86
2379,12.86
2380,0
2381,0
2382,0
2383,0
2384,0
2385,0
2386,0
2387,7.12
2388,0
2389,0
2390,0
2391,0
2392,0
2393,0
2394,0
2395,0
2396,0
2397,47.76
2398,0
2399,0
2400,0
2401,0
2402,0
2403,0
2404,0
2405,0
2406,0
2407,0
2408,0
2409,0
2410,100
2411,72.61
2412,72.61
2413,0
2414,72.61
2415,72.61
2416,72.61
2417,58.81
2418,0
2419,0
2420,12.86
2421,0
2422,61.05
2423,72.61
2424,0
2425,0
2426,0
2427,0
2428,0
2429,0
2430,0
2431,0
2432,98.9
2433,98.9
2434,98.9
2435,98.9
2436,98.9
2437,24.98
2438,98.9
2439,0
2440,0
2441,0
2442,0
2443,0
2444,0
2445,14.69
2446,67.17
2447,68.09
2448,70.55
2449,75.47
2450,78.67
2451,0
2452,0
2453,83.96
2454,83.62
2455,84.76
2456,85.9
2457,0
2458,0
2459,85.81
2460,0
2461,85.81
2462,0
2463,0
2464,0
2465,0
2466,10.1
2467,0
2468,0
2469,0.33
2470,3.04
2471,0
2472,0
2473,0
2474,0
2475,0
2476,0
2477,0
2478,0
2479,0
2480,0
2481,0
2482,61.75
2483,61.75
2484,61.75
2485,61.75
2486,61.75
2487,61.75
2488,61.75
2489,61.75
2490,0
2491,0
2492,0
2493,0
2494,0
2495,0
2496,0
2497,0
2498,0
2499,0
2500,0
2501,0
2502,0
2503,0
2504,0
2505,0
2506,0
2507,68.77
2508,0
2509,0
2510,0
2511,0
2512,93.2
2513,93.2
2514,93.2
2515,93.2
2516,93.2
2517,95.14
2518,96.96
2519,93.2
2520,41.94
2521,0
2522,0
2523,8.63
2524,0
2525,58.81
2526,0
2527,0
2528,58.81
2529,58.81
2530,2.5
2531,0
2532,0
2533,0
2534,0
2535,2.99
2536,0
2537,0
2538,17.38
2539,0
2540,76.38
2541,76.38
2542,9.03
2543,0
2544,76.49
2545,76.49
2546,76.49
2547,76.49
2548,76.49
2549,76.49
2550,76.49
2551,0
2552,0
2553,0
2554,0
2555,3.36
2556,3.36
2557,3.36
2558,3.36
2559,3.36
2560,0
2561,0
2562,0
2563,0
2564,0
2565,63.1
2566,0
2567,0
2568,0
2569,0
2570,0
2571,65.97
2572,65.97
2573,65.97
2574,65.97
2575,65.97
2576,65.97
2577,0
2578,58.55
2579,1.78
2580,0
2581,0
2582,0
2583,0
2584,0
2585,0.99
2586,0
2587,1.18
2588,65.97
2589,0
2590,0
2591,0
2592,26.29
2593,71.23
2594,0
2595,15
2596,0
2597,7.18
2598,0
2599,0
2600,0
2601,3
2602,0
2603,0
2604,0
2605,0
2606,61.92
2607,0
2608,0
2609,0
2610,0
2611,0
2612,0
2613,0
2614,0
2615,0
2616,0
2617,0
2618,3.6
2619,94.6
2620,94.6
2621,94.6
2622,94.6
2623,94.6
2624,94.6
2625,94.6
2626,0
2627,0
2628,0
2629,94.6
2630,0
2631,0
2632,0
2633,0
2634,0
2635,0
2636,0
2637,0
2638,0
2639,0
2640,0
2641,0
2642,0
2643,0
2644,0
2645,0
2646,0
2647,0
2648,0
2649,63.26
2650,0
2651,0
2652,0
2653,0
2654,0
2655,0
2656,0
2657,0
2658,66.11
2659,66.11
2660,66.11
2661,0
2662,0
2663,37.26
2664,37.26
2665,37.26
2666,41.73
2667,53.39
2668,41.73
2669,0
2670,41.73
2671,41.73
2672,41.73
2673,41.73
2674,0
2675,24.77
2676,0
2677,0
2678,0
2679,0
2680,0
2681,0
2682,0
2683,0
2684,0
2685,13.67
2686,0.33
2687,0
2688,0.18
2689,0.18
2690,0
2691,0
2692,0
2693,14.69
2694,14.69
2695,14.69
2696,14.69
2697,14.69
2698,58.81
2699,58.81
2700,58.81
2701,0
2702,0
2703,12.16
2704,0
2705,0
2706,0
2707,0
2708,0
2709,0
2710,0
2711,0
2712,25.62
2713,0
2714,25.62
2715,0
2716,0
2717,0
2718,0
2719,0
2720,0
2721,0
2722,0
2723,0
2724,12.16
2725,0
2726,0
2727,0
2728,0
2729,0
2730,0
2731,0
2732,0
2733,0
2734,0
2735,0
2736,0
2737,0
2738,0
2739,0
2740,0
2741,0
2742,0
2743,0
2744,0
2745,0
2746,0
2747,0
2748,0
2749,0
2750,0
2751,0
2752,0
2753,63.18
2754,73
2755,56.45
2756,0
2757,0
2758,43.83
2759,0
2760,0
2761,0
2762,0
2763,0
2764,40.69
2765,0
2766,0
2767,1.76
2768,50.67
2769,27.41
2770,27.41
2771,9.52
2772,0
2773,43.83
2774,0
2775,0
2776,-2.19
2777,-0.21
2778,9.52
2779,1.86
2780,0
2781,0
2782,0
2783,0
2784,0
2785,0
2786,0
2787,5.85
2788,73
2789,73
2790,73
2791,23.8
2792,23.8
2793,73
2794,0
2795,0
2796,0
2797,0
2798,0
2799,0
2800,0
2801,0
2802,0
2803,0
2804,0
2805,0
2806,0
2807,0
2808,0
2809,0
2810,0
2811,0
2812,0
2813,0
2814,0
2815,0
2816,0
2817,70.55
2818,0
2819,0
2820,0
2821,0
2822,0
2823,0
2824,0
2825,49.81
2826,49.52
2827,0
2828,49.81
2829,0
2830,0
2831,0
2832,0
2833,0
2834,0
2835,0
2836,0
2837,0
2838,0
2839,0
2840,0
2841,0
2842,0
2843,0
2844,29.4
2845,0
2846,0
2847,0
2848,0
2849,0
2850,0
2851,0
2852,0
2853,0
2854,0
2855,0
2856,0
2857,0
2858,0
2859,0
2860,0
2861,0
2862,54.48
2863,51.86
2864,51.96
2865,57.17
2866,61.26
2867,60.44
2868,54.48
2869,54.48
2870,51.86
2871,53.41
2872,23.49
2873,23.49
2874,25.17
2875,77.7
2876,67.12
2877,77.7
2878,27.55
2879,0
2880,0
2881,0
2882,0
2883,0
2884,0
2885,0
2886,9.75
2887,0
2888,17.3
2889,0
2890,0
2891,0
2892,0
2893,0
2894,71.23
2895,0
2896,0
2897,0
2898,0
2899,0
2900,0
2901,0
2902,0
2903,0
2904,0
2905,0
2906,0
2907,0
2908,0
2909,0.21
2910,0.21
2911,0.21
2912,0.21
2913,11.12
2914,0
2915,0
2916,0
2917,0
2918,0
2919,0
2920,0
2921,0
2922,1.14
2923,9.75
2924,0
2925,3.04
2926,13.64
2927,32.44
2928,0
2929,0
2930,0
2931,31.15
2932,0
2933,0
2934,0
2935,0
2936,0
2937,31.15
2938,0
2939,80.8
2940,0
2941,0
2942,0
2943,0
2944,0
2945,0
2946,0
2947,0
2948,0
2949,0
2950,0
2951,0
2952,0
2953,0
2954,0
2955,0
2956,0
2957,0
2958,0
2959,0
2960,0
2961,0
2962,0
2963,0
2964,0
2965,0
2966,0
2967,0
2968,0
2969,0
2970,0
2971,1.78
2972,83.56
2973,0
2974,0
2975,6.61
2976,0
2977,0
2978,0
2979,0
2980,0
2981,52.53
2982,0.87
2983,0
2984,7.23
2985,0
2986,0
2987,0
2988,0
2989,0
2990,2.72
2991,3.36
2992,0.33
2993,0.21
2994,0.33
2995,0.33
2996,60.9
2997,0
2998,0
2999,0
3000,0
3001,0
3002,0
3003,0
3004,0
3005,0
3006,0
3007,0
3008,0
3009,0
3010,0
3011,0
3012,0
3013,0
3014,0
3015,0
3016,16.48
3017,0
3018,0
3019,0
3020,0
3021,0
3022,0
3023,0
3024,0
3025,0
3026,16.88
3027,0
3028,0
3029,16.88
3030,0
3031,0
3032,0
3033,0
3034,0
3035,0
3036,0
3037,0
3038,7.18
3039,0
3040,0
3041,0
3042,0
3043,0
3044,0
3045,0
3046,0
3047,0
3048,0
3049,0
3050,4.91
3051,4.91
3052,4.91
3053,0
3054,0
3055,0
3056,0
3057,0
3058,0
3059,0
3060,0
3061,0
3062,0
3063,0
3064,0
3065,0
3066,0
3067,0
3068,0
3069,0
3070,0
3071,0
3072,0
3073,0
3074,3.55
3075,3.55
3076,20.7
3077,20.7
3078,0
3079,0
3080,0
3081,0
3082,0
3083,5.51
3084,0
3085,0
3086,1.9
3087,0
3088,0
3089,0
3090,0
3091,0
3092,0
3093,0
3094,0
3095,0
3096,0
3097,0
3098,0
3099,0
3100,0
3101,0
3102,0
3103,0
3104,0
3105,0
3106,0
3107,0
3108,0
3109,0
3110,0
3111,5.51
3112,0
3113,0
3114,0
3115,0
3116,0
3117,0
3118,0
3119,0
3120,0
3121,0
3122,0
3123,0
3124,0
3125,0
3126,0
3127,0
3128,0
3129,0
3130,0
3131,0
3132,1.9
3133,0
3134,0
3135,6.15
3136,6.15
3137,6.15
3138,6.15
3139,0
3140,0
3141,0
3142,0
3143,0
3144,0
3145,0
3146,5.51
3147,0
3148,0
3149,0
3150,0
3151,0
3152,0
3153,0
3154,0
3155,0
3156,0
3157,0
3158,0
3159,0
3160,0
3161,0
3162,0
3163,0
3164,0
3165,0
3166,0
3167,0
3168,0
3169,0
3170,0
3171,0
3172,0
3173,0
3174,0
3175,0
3176,0
3177,0
3178,0
3179,0
3180,0
3181,0
3182,0
3183,0
3184,0
3185,0
3186,0
3187,0
3188,0
3189,0
3190,0
3191,0
3192,0
3193,0
3194,0
3195,0
3196,0
3197,0
3198,0
3199,0
3200,0
3201,0
3202,0
3203,1.9
3204,0
3205,0
3206,0
3207,0
3208,0
3209,0
3210,0
3211,0
3212,0
3213,0
3214,0
3215,0
3216,0
3217,0
3218,0
3219,0
3220,0
3221,0
3222,0
3223,0
3224,0
3225,0
3226,0
3227,0
3228,0
3229,0
3230,0
3231,0
3232,0
3233,0
3234,0
3235,0
3236,0
3237,0
3238,0
3239,0
3240,0
3241,0
3242,0
3243,0
3244,0
3245,0
3246,0
3247,0
3248,0
3249,0
3250,0
3251,0
3252,0
3253,0
3254,0
3255,0
3256,0
3257,0
3258,0
3259,0
3260,0
3261,0
3262,0
3263,0
3264,0
3265,0
3266,0
3267,0
3268,0
3269,0
3270,0
3271,0
3272,0
3273,0
3274,0
3275,0
3276,0
3277,0
3278,0
3279,0
3280,0
3281,0
3282,0
3283,0
3284,0
3285,0
3286,0
3287,0
3288,0
3289,0
3290,0
3291,0
3292,0
3293,0
3294,0
3295,0
3296,0
3297,0
3298,0
3299,0
3300,0
3301,0
3302,0
3303,0
3304,0
3305,0
3306,0
3307,0
3308,0
3309,41.73
3310,0
3311,46.22
3312,0
3313,9.77
3314,0
3315,0
3316,0
3317,0
3318,0
3319,0
3320,65.88
3321,65.88
3322,0
3323,0
3324,0
3325,0
3326,0
3327,89.96
3328,0
3329,0
3330,39.51
3331,0
3332,0
3333,0
3334,0
3335,0
3336,0
3337,0
3338,41.06
3339,0
3340,0
3341,0
3342,0
3343,0
3344,0
3345,0
3346,0
3347,0
3348,0
3349,0
3350,0
3351,0
3352,0
3353,0
3354,0
3355,0
3356,0
3357,0
3358,0
3359,0
3360,0
3361,59.8
3362,52.48
3363,59.8
3364,0
3365,0
3366,77.67
3367,-0.57
3368,0
3369,0
3370,0
3371,0
3372,0
3373,0
3374,0
3375,0
3376,24.77
3377,0
3378,0
3379,0
3380,49.97
3381,26.15
3382,31.15
3383,0
3384,0
3385,17.9
3386,0
3387,0
3388,76.91
3389,62.94
3390,12.74
3391,0
3392,0
3393,0
3394,47.77
3395,0
3396,28.09
3397,0
3398,0
3399,75.27
3400,0
3401,0
3402,0
3403,0
3404,0
3405,0
3406,0
3407,61.47
3408,75.27
3409,0
3410,0
3411,0
3412,0
3413,0
3414,0
3415,0
3416,0
3417,0
3418,0.13
3419,0
3420,10.37
3421,0
3422,0
3423,17.9
3424,0
3425,0
3426,0
3427,0
3428,0
3429,0
3430,0
3431,3.6
3432,0
3433,0
3434,0
3435,0
3436,0
3437,0
3438,0
3439,0
3440,49.81
3441,49.81
3442,0
3443,0
3444,0
3445,17.9
3446,0
3447,0
3448,0
3449,9.8
3450,0
3451,3.6
3452,0
3453,0
3454,0
3455,0
3456,0
3457,0
3458,0
3459,0
3460,41.73
3461,0
3462,97.18
3463,5.37
3464,5.37
3465,43.71
3466,92.71
3467,46.37
3468,58.55
3469,45.49
3470,92.71
3471,0
3472,0
3473,33.67
3474,0
3475,0
3476,1.78
3477,0
3478,0
3479,0
3480,0
3481,0
3482,0
3483,0
3484,0
3485,0
3486,0
3487,100
3488,0
3489,39.51
3490,0
3491,0
3492,0
3493,0
3494,0
3495,0
3496,0
3497,0
3498,0
3499,0
3500,0
3501,0
3502,0
3503,41.06
3504,0
3505,0
3506,0
3507,0
3508,0
3509,0
3510,0
3511,0
3512,0
3513,0
3514,13.67
3515,5.18
3516,0
3517,0
3518,61.05
3519,24.67
3520,0
3521,0
3522,0
3523,0
3524,0
3525,2.37
3526,0
3527,0.5
3528,0.5
3529,0
3530,0.5
3531,0.5
3532,0.5
3533,73.93
3534,92.99
3535,0
3536,0
3537,0
3538,0
3539,0
3540,0
3541,0
3542,10.08
3543,0
3544,0
3545,0
3546,26.05
3547,0
3548,26.05
3549,82.92
3550,15.46
3551,8.43
3552,14.7
3553,6.8
3554,0
3555,49.97
3556,0
3557,0
3558,0
3559,0
3560,0
3561,0
3562,0
3563,0
3564,0
3565,0
3566,0
3567,0
3568,0
3569,0
3570,0
3571,0
3572,0
3573,0
3574,13.67
3575,36.66
3576,0
3577,0
3578,0
3579,0
3580,0
3581,0
3582,0
3583,17.2
3584,0
3585,0
3586,0
3587,41.8
3588,41.8
3589,41.8
3590,41.8
3591,23.36
3592,23.36
3593,12.14
3594,7.16
3595,0
3596,23.36
3597,0
3598,0
3599,0
3600,0
3601,5.77
3602,30.79
3603,0
3604,19.45
3605,19.45
3606,0
3607,0
3608,22.41
3609,0
3610,0
3611,0
3612,2
3613,0
3614,2
3615,2
3616,33
3617,33
3618,33
3619,33
3620,0
3621,0
3622,0
3623,0
3624,0
3625,0
3626,0
3627,7.16
3628,0
3629,41.94
3630,41.94
3631,41.94
3632,77.67
3633,41.94
3634,0
3635,41.87
3636,0
3637,47.77
3638,72.44
3639,0
3640,0
3641,0
3642,0
3643,0
3644,0
3645,-7.6
3646,0
3647,0
3648,0
3649,0
3650,0
3651,0
3652,0
3653,0
3654,0
3655,0
3656,0
3657,0
3658,0
3659,97.18
3660,0
3661,2.87
3662,0
3663,0
3664,0
3665,0
3666,0
3667,0
3668,0
3669,0
3670,0
3671,8.37
3672,0
3673,0
3674,0
3675,20.82
3676,18.27
3677,0
3678,0.33
3679,18.27
3680,20.82
3681,0
3682,0
3683,0
3684,0
3685,0
3686,0
3687,0
3688,0
3689,0
3690,0
3691,0
3692,0
3693,0
3694,0
3695,0
3696,0
3697,0
3698,0
3699,0
3700,0
3701,0
3702,0
3703,0
3704,0
3705,5
3706,0
3707,0
3708,0
3709,0
3710,0
3711,0
3712,0
3713,0
3714,77.14
3715,33.67
3716,33.67
3717,40.14
3718,33.67
3719,47.18
3720,19.99
3721,6.8
3722,24.15
3723,0
3724,0
3725,0
3726,0
3727,0
3728,0
3729,0
3730,0
3731,0
3732,0
3733,0
3734,1.84
3735,0
3736,0
3737,0
3738,0
3739,95.17
3740,0
3741,0
3742,0
3743,0
3744,0
3745,0
3746,0
3747,0
3748,0
3749,0
3750,0
3751,0
3752,0
3753,0
3754,0
3755,0
3756,0
3757,0
3758,0
3759,0
3760,34.84
3761,29.39
3762,70.5
3763,0
3764,0
3765,71.23
3766,0
3767,0
3768,0
3769,0
3770,0
3771,0
3772,0
3773,0
3774,0
3775,0
3776,27.26
3777,27.26
3778,27.26
3779,10.86
3780,0
3781,0
3782,0
3783,0
3784,0
3785,0
3786,0
3787,0
3788,0
3789,3
3790,7
3791,0
3792,3
3793,3
3794,3
3795,93.76
3796,0
3797,0
3798,0
3799,0
3800,0
3801,0
3802,93.76
3803,100
3804,0
3805,0
3806,0
3807,0
3808,0
3809,0
3810,0
3811,0
3812,0
3813,0
3814,0
3815,0
3816,0
3817,0
3818,0
3819,0
3820,0
3821,0
3822,0
3823,0
3824,0
3825,0
3826,0
3827,0
3828,80.8
3829,80.8
3830,100
3831,0
3832,3.83
3833,0
3834,0
3835,80.8
3836,98.9
3837,100
3838,80.8
3839,7.98
3840,0
3841,0
3842,0
3843,0
3844,51.84
3845,0
3846,51.84
3847,0
3848,51.84
3849,89.96
3850,0
3851,0
3852,0
3853,0
3854,0
3855,0.71
3856,0
3857,0
3858,0
3859,0
3860,0
3861,0
3862,0.71
3863,0
3864,0
3865,0
3866,5.18
3867,15.24
3868,15.24
3869,19.82
3870,0
3871,0
3872,1.21
3873,0
3874,21.67
3875,0
3876,0
3877,0
3878,0
3879,0
3880,0
3881,11.18
3882,0
3883,0
3884,0
3885,0
3886,0
3887,0
3888,22.41
3889,0
3890,0
3891,0
3892,0
3893,0
3894,0
3895,0
3896,0
3897,0
3898,0
3899,2.62
3900,0
3901,57.17
3902,0
3903,47.77
3904,0
3905,0
3906,0
3907,0
3908,8.07
3909,52.7
3910,0
3911,0
3912,0
3913,0
3914,0
3915,0
3916,0
3917,0
3918,0
3919,0
3920,0
3921,0
3922,0
3923,0
3924,0
3925,60.02
3926,0
3927,0
3928,0
3929,0
3930,0
3931,0
3932,0
3933,0
3934,0
3935,0
3936,3.6
3937,0
3938,0
3939,0
3940,0
3941,0
3942,0
3943,0
3944,0
3945,9.6
3946,0
3947,0
3948,0
3949,2.8
3950,2.8
3951,4.6
3952,0
3953,0
3954,62.9
3955,0
3956,0
3957,0
3958,0
3959,0
3960,0
3961,0
3962,0
3963,0
3964,0
3965,0
3966,0
3967,0
3968,0
3969,0
3970,0
3971,0
3972,0
3973,0
3974,49.99
3975,49.99
3976,0
3977,71.23
3978,0
3979,0
3980,0
3981,0
3982,100
3983,100
3984,100
3985,100
3986,0
3987,0
3988,0
3989,0
3990,0
3991,0
3992,0
3993,0
3994,0
3995,0
3996,0
3997,0
3998,0
3999,0
4000,0
4001,0
4002,0
4003,0
4004,0
4005,0
4006,0
4007,0
4008,0
4009,0
4010,0
4011,0
4012,0
4013,0
4014,0
4015,0
4016,0
4017,60.02
4018,0
4019,0
4020,0
4021,0
4022,0
4023,0
4024,0
4025,85.75
4026,0
4027,0
4028,25.92
4029,0
4030,0
4031,0
4032,0
4033,0
4034,0
4035,61.92
4036,0
4037,0
4038,0
4039,0
4040,0
4041,0
4042,0
4043,0
4044,0
4045,0
4046,0
4047,0
4048,75.27
4049,33.05
4050,4.26
4051,0
4052,15.24
4053,33.05
4054,0
4055,27.51
4056,27.51
4057,0
4058,0
4059,0
4060,0
4061,0
4062,0
4063,0
4064,0
4065,0
4066,4.26
4067,0
4068,0
4069,0
4070,0
4071,0
4072,51.84
4073,0
4074,0
4075,0
4076,0
4077,0
4078,0
4079,0
4080,0
4081,0
4082,0
4083,0
4084,0
4085,61.23
4086,1.78
4087,0
4088,0
4089,75.27
4090,0
4091,0
4092,0
4093,56.58
4094,0
4095,0
4096,0
4097,0
4098,61.23
4099,10.44
4100,13.67
4101,5.18
4102,0
4103,0.5
4104,0
4105,0
4106,0
4107,0
4108,0
4109,0
4110,2.1
4111,0
4112,5.18
4113,0
4114,5.18
4115,17.68
4116,0
4117,0
4118,0
4119,0
4120,0
4121,0
4122,0
4123,17.68
4124,17.68
4125,24.92
4126,24.92
4127,24.92
4128,0
4129,35.36
4130,35.36
4131,5.18
4132,35.36
4133,35.36
4134,35.36
4135,35.36
4136,35.36
4137,35.36
4138,0
4139,0
4140,0
4141,0
4142,0
4143,0
4144,0
4145,0
4146,0
4147,0
4148,0
4149,74.69
4150,0
4151,0
4152,0
4153,0
4154,11.28
4155,0
4156,38.32
4157,0
4158,0
4159,0
4160,0
4161,32.1
4162,0
4163,0
4164,0
4165,0
4166,0
4167,0
4168,0
4169,9.14
4170,0
4171,37.54
4172,0
4173,0
4174,0
4175,0
4176,0
4177,0
4178,0
4179,0
4180,0
4181,0
4182,-7.6
4183,49.81
4184,0
4185,0
4186,0
4187,18.03
4188,0
4189,0
4190,0
4191,0
4192,13.67
4193,0
4194,0
4195,0
4196,0
4197,0
4198,0
4199,0
4200,0
4201,92
4202,0
4203,0
4204,0
4205,0
4206,0
4207,9.6
4208,10.17
4209,10.17
4210,0
4211,0
4212,3.6
4213,0
4214,16
4215,0
4216,0
4217,16
4218,16
4219,0
4220,0
4221,0
4222,0
4223,0
4224,0
4225,0
4226,10.17
4227,10.17
4228,10.17
4229,10.17
4230,0
4231,0
4232,64.74
4233,0
4234,0
4235,0
4236,0
4237,0
4238,0
4239,0
4240,0
4241,0
4242,0
4243,0
4244,0
4245,0
4246,0
4247,0
4248,0
4249,0
4250,0
4251,0
4252,0
4253,57.32
4254,0
4255,0
4256,0
4257,0
4258,0
4259,0
4260,0
4261,0
4262,0
4263,0
4264,24.77
4265,16.47
4266,13.67
4267,0
4268,41.03
4269,33.67
4270,33.67
4271,42.38
4272,33.67
4273,26.25
4274,3.99
4275,0
4276,0
4277,0
4278,0
4279,0
4280,0
4281,0
4282,0
4283,0
4284,0
4285,0
4286,0
4287,0
4288,0
4289,0
4290,0
4291,0
4292,0
4293,3.2
4294,15.87
4295,0
4296,0
4297,0
4298,0
4299,0
4300,2.08
4301,45.65
4302,0
4303,45.65
4304,45.65
4305,45.65
4306,45.65
4307,45.65
4308,0
4309,100
4310,24.77
4311,14.21
4312,0
4313,0
4314,0
4315,0
4316,0
4317,0.1
4318,41.03
4319,0.1
4320,0.1
4321,0.1
4322,0.1
4323,0
4324,0
4325,0
4326,61.23
4327,0
4328,67.26
4329,0
4330,0
4331,92.69
4332,92.69
4333,92.69
4334,0
4335,0
4336,0
4337,0
4338,0
4339,0
4340,97.18
4341,33.71
4342,33.71
4343,33.71
4344,40.59
4345,0
4346,0
4347,0
4348,100
4349,0
4350,42.53
4351,94.59
4352,43.5
4353,43.5
4354,0
4355,0
4356,43.5
4357,100
4358,38.63
4359,0
4360,0
4361,0
4362,0
4363,38.63
4364,38.63
4365,39.19
4366,0
4367,0
4368,39.19
4369,39.19
4370,38.63
4371,38.63
4372,38.63
4373,0
4374,0
4375,38.63
4376,38.63
4377,0
4378,0
4379,0
4380,0
4381,0
4382,100
4383,100
4384,100
4385,100
4386,0
4387,0
4388,100
4389,72.36
4390,72.36
4391,0
4392,92.69
4393,92.69
4394,92.69
4395,0
4396,0
4397,77.67
4398,0
4399,0
4400,0
4401,0
4402,0
4403,0
4404,0
4405,0
4406,0
4407,0
4408,6.45
4409,0
4410,6.45
4411,2.08
4412,0
4413,0
4414,6.45
4415,0
4416,68.21
4417,0
4418,68.21
4419,0
4420,0
4421,0
4422,68.21
4423,68.21
4424,68.21
4425,0
4426,0
4427,0
4428,72.44
4429,0
4430,0
4431,0
4432,0
4433,0
4434,0
4435,5
4436,0
4437,0
4438,0
4439,0
4440,0
4441,0
4442,0
4443,0
4444,0
4445,0
4446,0
4447,0
4448,0
4449,3.33
4450,0
4451,0
4452,0
4453,0
4454,0
4455,0
4456,0
4457,0
4458,9.96
4459,27.41
4460,49.81
4461,47.96
4462,0
4463,0
4464,0
4465,0
4466,0
4467,0
4468,0
4469,0
4470,72.72
4471,27.41
4472,0
4473,0
4474,0
4475,15.09
4476,0
4477,0
4478,20.03
4479,21.77
4480,46.75
4481,0
4482,21.77
4483,20.03
4484,0
4485,15.87
4486,0
4487,0
4488,0
4489,0
4490,0
4491,0
4492,0
4493,0
4494,0
4495,0
4496,0
4497,26.05
4498,0
4499,0
4500,0
4501,2.8
4502,0
4503,0
4504,0
4505,0
4506,0
4507,0
4508,2.8
4509,20.27
4510,0
4511,0
4512,0
4513,27.71
4514,22.12
4515,2.8
4516,25.48
4517,2.8
4518,0
4519,46.56
4520,47.77
4521,48.51
4522,54.06
4523,34.52
4524,0
4525,17.02
4526,0
4527,0
4528,0
4529,0
4530,0
4531,0
4532,63.85
4533,63.85
4534,0
4535,17.68
4536,0
4537,0
4538,0
4539,0
4540,0
4541,0
4542,0
4543,0
4544,0
4545,0
4546,5.85
4547,0
4548,0
4549,6.92
4550,0
4551,0
4552,0
4553,0
4554,0
4555,0
4556,0
4557,97.18
4558,0
4559,0
4560,0
4561,0
4562,0
4563,0
4564,0
4565,0
4566,37.41
4567,37.41
4568,47.84
4569,37.41
4570,0
4571,0
4572,0
4573,0
4574,0
4575,0
4576,0
4577,0
4578,17.68
4579,0
4580,22.41
4581,1.78
4582,55.81
4583,27.41
4584,55.81
4585,0.5
4586,0.5
4587,67.71
4588,0.5
4589,0.5
4590,0.5
4591,12.84
4592,0
4593,0
4594,0
4595,0
4596,0
4597,0
4598,0
4599,0
4600,0
4601,0
4602,0
4603,75.27
4604,47.65
4605,47.65
4606,47.65
4607,64.74
4608,64.74
4609,0
4610,0
4611,0
4612,0
4613,0
4614,0
4615,0
4616,0
4617,0
4618,0
4619,0
4620,0
4621,0
4622,0
4623,0
4624,0
4625,0
4626,0
4627,0
4628,0
4629,0
4630,0
4631,0
4632,76.38
4633,0
4634,43.41
4635,43.41
4636,43.41
4637,43.41
4638,92.71
4639,0
4640,0
4641,0
4642,0
4643,0
4644,0
4645,0
4646,0
4647,0
4648,0
4649,0
4650,0
4651,0
4652,0
4653,0
4654,0
4655,0
4656,0
4657,0
4658,0
4659,38.49
4660,0
4661,0
4662,37.41
4663,62.43
4664,6.82
4665,37.41
4666,0
4667,0
4668,0
4669,0
4670,0
4671,0
4672,62.43
4673,98.9
4674,0
4675,0
4676,0
4677,23.84
4678,0
4679,78.8
4680,54.58
4681,0
4682,56.46
4683,24.15
4684,0
4685,24.15
4686,0
4687,0
4688,0
4689,0
4690,46.65
4691,0
4692,0
4693,7.85
4694,58.7
4695,0
4696,0
4697,0
4698,0
4699,0
4700,0
4701,95.14
4702,0
4703,38.49
4704,0
4705,5.37
4706,0
4707,0
4708,0
4709,50.3
4710,46.33
4711,72.44
4712,72.44
4713,39.19
4714,28.6
4715,50.3
4716,28.6
4717,0
4718,10.77
4719,0
4720,0
4721,0
4722,0
4723,0
4724,0
4725,0
4726,0
4727,0
4728,0
4729,1.78
4730,0
4731,1.78
4732,7.3
4733,38.75
4734,1.86
4735,1.86
4736,10.08
4737,-2.19
4738,24.67
4739,21.76
4740,24.67
4741,85.81
4742,40.57
4743,0
4744,85.81
4745,40.57
4746,0
4747,31.35
4748,0
4749,0
4750,0
4751,0
4752,0
4753,0
4754,0
4755,0
4756,0
4757,0
4758,0
4759,0
4760,0
4761,0
4762,0
4763,0
4764,0
4765,0
4766,0
4767,3.95
4768,11.08
4769,0
4770,3.95
4771,0
4772,14.39
4773,14.39
4774,7.23
4775,0.73
4776,0
4777,0
4778,35.19
4779,0
4780,0
4781,0
4782,0
4783,0
4784,0
4785,3.6
4786,3.6
4787,3.6
4788,1.13
4789,3.6
4790,3.6
4791,23.79
4792,68.09
4793,46.37
4794,68.09
4795,68.09
4796,0
4797,0
4798,0
4799,12.6
4800,0
4801,74.25
4802,0
4803,32.33
4804,2.37
4805,0
4806,4.05
4807,100
4808,0
4809,14.99
4810,43.43
4811,0
4812,12.6
4813,12.6
4814,0
4815,34.84
4816,29.39
4817,0
4818,0
4819,0
4820,0
4821,0
4822,38.97
4823,0
4824,0
4825,100
4826,23.67
4827,100
4828,0
4829,0
4830,5.37
4831,0
4832,19.99
4833,0
4834,0
4835,0
4836,0
4837,0.68
4838,51.93
4839,0
4840,0
4841,53.39
4842,53.39
4843,41.73
4844,0
4845,0
4846,0
4847,0
4848,0
4849,47.96
4850,0
4851,89.96
4852,47.96
4853,0
4854,27.51
4855,27.51
4856,2.37
4857,11.93
4858,0
4859,74.83
4860,74.83
4861,52.03
4862,74.83
4863,52.03
4864,43.43
4865,43.43
4866,43.43
4867,9.89
4868,0
4869,2.78
4870,2.78
4871,0
4872,48.7
4873,36.85
4874,0
4875,0
4876,0
4877,48.06
4878,0
4879,56.46
4880,0
4881,48.7
4882,0
4883,63.18
4884,48.7
4885,9.14
4886,5.37
4887,0
4888,0
4889,5.37
4890,5.37
4891,0
4892,0
4893,44.66
4894,16.35
4895,0
4896,50.3
4897,0
4898,0
4899,96.96
4900,0
4901,0
4902,44.66
4903,0
4904,0
4905,50.3
4906,0
4907,0
4908,84.76
4909,99.34
4910,0.73
4911,39.67
4912,53.94
4913,0
4914,0
4915,0
4916,0
4917,0
4918,0
4919,0
4920,85.9
4921,0
4922,84.76
4923,0
4924,0
4925,0
4926,0
4927,0
4928,0
4929,28.6
4930,29.25
4931,0
4932,0
4933,0
4934,0
4935,85.9
4936,39.19
4937,0
4938,58.55
4939,54.58
4940,100
4941,58.55
4942,100
4943,0
4944,58.55
4945,0
4946,0
4947,0
4948,0
4949,0
4950,0
4951,0
4952,0
4953,0
4954,100
4955,48.7
4956,28.6
4957,28.6
4958,50.3
4959,100
4960,89.96
4961,0
4962,28.6
4963,0
4964,89.96
4965,28.6
4966,0
4967,0
4968,1.6
4969,0
4970,0
4971,0
4972,0
4973,0
4974,0
4975,0
4976,0
4977,0
4978,0
4979,0
4980,84.76
4981,0
4982,84.76
4983,85.9
4984,85.9
4985,0
4986,0
4987,0
4988,0
4989,0
4990,0
4991,0
4992,0
4993,0
4994,0
4995,0
4996,0
4997,0
4998,0
4999,0
5000,0
5001,0
5002,0
5003,0
5004,0
5005,0
5006,0
5007,0
5008,0
5009,0
5010,0
5011,0
5012,0
5013,0
5014,0
5015,0
5016,0
5017,0
5018,0
5019,0
5020,0
5021,0
5022,0
5023,0
5024,0
5025,0
5026,22.79
5027,2.35
5028,46.33
5029,0
5030,0
5031,0
5032,0
5033,0
5034,0
5035,0
5036,3.6
5037,0
5038,0
5039,46.33
5040,0
5041,0
5042,85.75
5043,0
5044,0
5045,0
5046,0
5047,50.3
5048,0
5049,0
5050,0
5051,0
5052,0
5053,0
5054,0
5055,50.3
5056,0
5057,0
5058,0
5059,0
5060,0
5061,0
5062,0
5063,0
5064,0
5065,0
5066,0
5067,0
5068,0
5069,0
5070,0
5071,46.45
5072,14.99
5073,46.45
5074,46.45
5075,46.45
5076,46.45
5077,46.45
5078,50.3
5079,0
5080,0
5081,0
5082,0
5083,0
5084,0
5085,0
5086,0
5087,0
5088,0
5089,25.09
5090,68.77
5091,0
5092,0.73
5093,20.8
5094,7.23
5095,0
5096,-0.21
5097,27.9
5098,0
5099,27.9
5100,0
5101,27.9
5102,27.9
5103,0
5104,0
5105,27.9
5106,0
5107,0
5108,0
5109,0
5110,7.23
5111,0
5112,0
5113,0
5114,0
5115,14.06
5116,0
5117,0
5118,0
5119,0
5120,0
5121,0
5122,0
5123,0
5124,72.09
5125,27.41
5126,0
5127,0
5128,0
5129,0
5130,0
5131,0
5132,0
5133,0
5134,0
5135,0
5136,0
5137,0
5138,0
5139,0
5140,0
5141,0
5142,0
5143,0
5144,0
5145,6.18
5146,19.99
5147,17.3
5148,0
5149,0
5150,0
5151,0
5152,0
5153,0
5154,0
5155,0
5156,0
5157,0
5158,0
5159,0
5160,0
5161,22.41
5162,0
5163,0
5164,0
5165,0
5166,0
5167,0
5168,0
5169,0
5170,0
5171,0
5172,1.55
5173,64.5
5174,0
5175,0
5176,0
5177,0
5178,0
5179,0
5180,0
5181,0
5182,0
5183,25.09
5184,0
5185,0
5186,0
5187,0
5188,0
5189,0
5190,0
5191,0
5192,5.14
5193,5.14
5194,5.14
5195,5.14
5196,0.41
5197,0
5198,0
5199,54.58
5200,30.08
5201,0
5202,0
5203,16.35
5204,0
5205,6.61
5206,0
5207,0
5208,0
5209,0
5210,0
5211,0.5
5212,0
5213,0
5214,0
5215,53.05
5216,0
5217,0
5218,44.53
5219,0
5220,0
5221,0
5222,0
5223,14.39
5224,14.39
5225,0
5226,0
5227,40.69
5228,0
5229,0
5230,71.63
5231,0
5232,0
5233,0
5234,0
5235,0
5236,0
5237,0
5238,1.86
5239,0
5240,71.63
5241,0
5242,0
5243,0
5244,52.48
5245,0
5246,52.48
5247,0
5248,1.78
5249,1.78
5250,0
5251,0
5252,0
5253,0
5254,1.86
5255,0
5256,0
5257,0
5258,0
5259,49.34
5260,10.78
5261,9.96
5262,10.78
5263,49.34
5264,0
5265,62.43
5266,0
5267,62.43
5268,0
5269,0
5270,0
5271,0
5272,0
5273,0
5274,0
5275,0
5276,0
5277,0
5278,0
5279,100
5280,0
5281,7.61
5282,0
5283,0
5284,0
5285,0
5286,0
5287,0
5288,0
5289,0
5290,0
5291,0
5292,0
5293,0
5294,2.68
5295,2.68
5296,0
5297,0
5298,0.12
5299,0
5300,0
5301,0
5302,0
5303,0.12
5304,0
5305,2.35
5306,0
5307,0
5308,0
5309,0
5310,0
5311,0
5312,0
5313,90.2
5314,0
5315,24.1
5316,90.2
5317,11.09
5318,0
5319,11.87
5320,8.37
5321,11.09
5322,0
5323,0
5324,0
5325,90.2
5326,47.4
5327,0
5328,32.48
5329,0
5330,22.17
5331,24.21
5332,29.25
5333,23.8
5334,29.25
5335,13.88
5336,0
5337,0
5338,0
5339,0
5340,0
5341,0
5342,0
5343,0
5344,67.29
5345,0
5346,0
5347,11.09
5348,38.97
5349,10.13
5350,90.2
5351,0
5352,0.68
5353,3.6
5354,14.57
5355,0.12
5356,0.12
5357,2.96
5358,0
5359,0
5360,0
5361,0
5362,0
5363,29.4
5364,21.96
5365,29.4
5366,0
5367,29.4
5368,0
5369,21.96
5370,0
5371,21.96
5372,0
5373,0
5374,21.96
5375,21.96
5376,2.71
5377,0
5378,0
5379,4.67
5380,0
5381,0
5382,0
5383,0
5384,67.12
5385,67.12
5386,0
5387,0
5388,0
5389,0
5390,0
5391,0
5392,0
5393,0
5394,35.19
5395,0
5396,0
5397,0
5398,0
5399,2.08
5400,2.08
5401,0.71
5402,2.08
5403,0
5404,100
5405,100
5406,82.65
5407,0
5408,0
5409,0
5410,99.34
5411,100
5412,0
5413,0
5414,0
5415,0
5416,0
5417,0
5418,0
5419,0
5420,0
5421,0
5422,0
5423,12.6
5424,12.6
5425,0
5426,0.73
5427,0
5428,0
5429,0
5430,0
5431,60.9
5432,13.2
5433,0
5434,0
5435,0
5436,67.12
5437,0
5438,0
5439,-2.19
5440,0
5441,0
5442,0
5443,0
5444,0
5445,0
5446,0
5447,0
5448,0
5449,0
5450,0
5451,19.21
5452,89.96
5453,0
5454,89.96
5455,0
5456,21.19
5457,0
5458,51.93
5459,0
5460,0
5461,26.15
5462,7.23
5463,0.71
5464,0
5465,0
5466,0
5467,0
5468,0
5469,0
5470,0
5471,22.14
5472,22.14
5473,0
5474,0
5475,0
5476,50.3
5477,53.59
5478,53.59
5479,0
5480,0
5481,0
5482,53.59
5483,0
5484,0
5485,0
5486,53.59
5487,53.59
5488,53.59
5489,50.3
5490,0
5491,53.59
5492,0
5493,0
5494,28.6
5495,28.6
5496,28.6
5497,28.6
5498,45
5499,74.24
5500,45
5501,74.24
5502,74.24
5503,0
5504,0
5505,0
5506,23.84
5507,50.3
5508,53.59
5509,53.59
5510,25.7
5511,17.2
5512,17.2
5513,0
5514,0
5515,0
5516,48.7
5517,48.7
5518,48.7
5519,50.3
5520,53.59
5521,53.59
5522,53.59
5523,0
5524,0
5525,0
5526,0
5527,53.59
5528,0
5529,50.3
5530,53.59
5531,53.59
5532,53.59
5533,0
5534,74.24
5535,0
5536,0
5537,0
5538,94.59
5539,94.59
5540,94.59
5541,0
5542,23.84
5543,23.84
5544,23.84
5545,67.29
5546,0
5547,67.29
5548,56.46
5549,0
5550,0
5551,0
5552,48.89
5553,0
5554,55.81
5555,48.89
5556,0
5557,0
5558,0
5559,14.99
5560,0
5561,0
5562,0
5563,0
5564,0
5565,0
5566,0
5567,0
5568,0
5569,14.99
5570,14.99
5571,0
5572,14.99
5573,0
5574,0
5575,14.99
5576,100
5577,100
5578,100
5579,14.99
5580,0
5581,9.33
5582,14.99
5583,14.99
5584,0
5585,0
5586,0
5587,0
5588,0
5589,0
5590,0
5591,0
5592,0
5593,0
5594,0
5595,0
5596,0
5597,0
5598,0
5599,-0.57
5600,0
5601,0
5602,0
5603,0
5604,0
5605,0
5606,0
5607,0
5608,28.32
5609,0
5610,0
5611,0
5612,0
5613,0
5614,0
5615,0
5616,0
5617,0
5618,0
5619,0
5620,0
5621,28.32
5622,0
5623,0
5624,0
5625,22.41
5626,0
5627,0
5628,29.39
5629,0
5630,13.88
5631,13.2
5632,42.07
5633,48.7
5634,0
5635,0
5636,0
5637,13.2
5638,0
5639,0
5640,0
5641,2.44
5642,2.44
5643,0
5644,0
5645,0
5646,0
5647,0
5648,0
5649,0
5650,0
5651,0
5652,0
5653,0
5654,0
5655,0
5656,0
5657,0
5658,53.76
5659,0
5660,0
5661,0
5662,0
5663,0
5664,0
5665,0
5666,0
5667,0
5668,0
5669,0
5670,0
5671,55.51
5672,30.08
5673,0
5674,58.55
5675,30.08
5676,0
5677,0
5678,0
5679,0
5680,0
5681,0
5682,0
5683,41.71
5684,50.67
5685,-2.02
5686,1
5687,-2.02
5688,0
5689,0
5690,0
5691,0
5692,0
5693,0
5694,0
5695,0
5696,0
5697,64.81
5698,82.65
5699,76.5
5700,22.41
5701,0
5702,0
5703,0
5704,0
5705,0
5706,0
5707,0
5708,0
5709,0
5710,0
5711,0
5712,0
5713,0
5714,0
5715,0
5716,0
5717,0
5718,0
5719,0
5720,0
5721,0
5722,0
5723,0
5724,0
5725,0
5726,53.05
5727,0
5728,0
5729,8.11
5730,0
5731,54.2
5732,20.82
5733,0
5734,53.59
5735,0
5736,0
5737,0
5738,0
5739,5.77
5740,1.68
5741,0
5742,0
5743,0
5744,0
5745,0
5746,0
5747,54.2
5748,0
5749,0
5750,0
5751,0
5752,35.19
5753,0
5754,0
5755,0
5756,0
5757,0
5758,0
5759,0
5760,48.32
5761,1.89
5762,0
5763,0
5764,0
5765,0
5766,0
5767,0
5768,0
5769,53.59
5770,0
5771,0
5772,0
5773,14.55
5774,54.2
5775,0
5776,8.11
5777,0
5778,0
5779,0
5780,0
5781,0
5782,0
5783,89.96
5784,0
5785,0
5786,0
5787,0
5788,0
5789,0
5790,0
5791,0
5792,0
5793,54.2
5794,64.81
5795,54.2
5796,57.29
5797,54.2
5798,0
5799,54.2
5800,0
5801,54.06
5802,32.33
5803,32.33
5804,32.33
5805,32.33
5806,0
5807,0
5808,54.2
5809,0
5810,0
5811,53.09
5812,51.86
5813,51.96
5814,57.17
5815,0
5816,53.05
5817,52.48
5818,51.86
5819,60.44
5820,53.41
5821,74.25
5822,74.25
5823,61.26
5824,74.25
5825,53.76
5826,0
5827,0
5828,53.76
5829,56.06
5830,56.12
5831,54.2
5832,74.25
5833,23.49
5834,0
5835,0
5836,0
5837,0
5838,0
5839,22.41
5840,0
5841,0
5842,0
5843,0
5844,0
5845,3.33
5846,74.25
5847,74.25
5848,0
5849,0
5850,0
5851,0
5852,0
5853,0
5854,56.12
5855,0
5856,0
5857,0
5858,0
5859,0
5860,0
5861,0
5862,72.44
5863,72.44
5864,72.44
5865,0
5866,48.32
5867,4.9
5868,0
5869,0
5870,0
5871,0
5872,0
5873,0
5874,0
5875,0
5876,0
5877,61.47
5878,48.7
5879,61.47
5880,61.47
5881,61.47
5882,10.44
5883,0
5884,0
5885,0
5886,48.7
5887,0
5888,0
5889,48.7
5890,20.82
5891,2.05
5892,20.82
5893,20.82
5894,0
5895,0
5896,0
5897,0
5898,0
5899,0
5900,0
5901,0
5902,0
5903,0
5904,23.84
5905,23.84
5906,96.96
5907,23.84
5908,23.84
5909,23.84
5910,0
5911,0
5912,16
5913,100
5914,16
5915,1.78
5916,0
5917,0
5918,23.52
5919,0
5920,48.7
5921,0
5922,48.7
5923,48.7
5924,48.7
5925,0
5926,48.7
5927,0
5928,0
5929,0
5930,0
5931,0
5932,0
5933,58.9
5934,9.89
5935,58.9
5936,0
5937,0
5938,48.7
5939,48.7
5940,0
5941,0
5942,0
5943,48.7
5944,48.7
5945,0
5946,0
5947,58.9
5948,0
5949,0
5950,0
5951,0
5952,0
5953,0
5954,0
5955,0
5956,0
5957,0
5958,0
5959,0
5960,0
5961,0
5962,61.34
5963,0
5964,0
5965,11.71
5966,0
5967,0
5968,5.77
5969,2.65
5970,13.88
5971,9.8
5972,0
5973,15.87
5974,24.1
5975,0
5976,1.6
5977,0
5978,0
5979,0
5980,0
5981,0
5982,0
5983,0
5984,20.82
5985,28.32
5986,22.41
5987,8.33
5988,0
5989,0
5990,0
5991,15.04
5992,0
5993,0
5994,28.6
5995,28.6
5996,28.6
5997,28.6
5998,0
5999,0
6000,32.33
6001,7.61
6002,0
6003,0
6004,0
6005,0
6006,53.76
6007,7.61
6008,17.3
6009,7.11
6010,56.06
6011,0
6012,0
6013,0
6014,69.33
6015,7
6016,0
6017,0
6018,0
6019,0
6020,0
6021,0
6022,0
6023,0
6024,0
6025,0
6026,0
6027,0
6028,0
6029,0
6030,28.6
6031,28.6
6032,0
6033,28.6
6034,0
6035,28.6
6036,0
6037,0
6038,0
6039,0
6040,0
6041,0
6042,0
6043,0
6044,0
6045,0
6046,0
6047,0
6048,0
6049,0
6050,0
6051,0
6052,0
6053,0
6054,0
6055,0
6056,0
6057,0
6058,91.5
6059,0
6060,0
6061,0
6062,76.5
6063,97.03
6064,57.17
6065,0
6066,0
6067,0
6068,0
6069,0
6070,0
6071,0
6072,0
6073,0
6074,0
6075,0
6076,0
6077,0
6078,0
6079,0
6080,0
6081,0
6082,0
6083,0
6084,0
6085,0
6086,0
6087,40.67
6088,0
6089,0
6090,0
6091,0
6092,0
6093,0
6094,54.2
6095,49.79
6096,60.11
6097,0
6098,0
6099,53.05
6100,13.67
6101,7.16
6102,0
6103,0
6104,100
6105,97.03
6106,0
6107,0
6108,0
6109,13.67
6110,17.3
6111,68.09
6112,24.77
6113,100
6114,77.61
6115,77.61
6116,7.11
6117,0
6118,23.79
6119,23.79
6120,70.55
6121,0
6122,0
6123,0
6124,0
6125,0.73
6126,0
6127,1.9
6128,99.01
6129,0
6130,0
6131,0
6132,25.9
6133,0
6134,0
6135,0
6136,0
6137,0
6138,0
6139,0
6140,0
6141,0
6142,0
6143,0
6144,0
6145,0
6146,0
6147,0
6148,0
6149,0
6150,0
6151,0
6152,0
6153,0
6154,0
6155,0
6156,27.24
6157,0
6158,0
6159,0
6160,0
6161,0
6162,0
6163,98.9
6164,0
6165,98.9
6166,0
6167,0
6168,33.36
6169,0
6170,0
6171,0
6172,1.9
6173,0
6174,0
6175,0
6176,98.9
6177,33.36
6178,0
6179,14.39
6180,0
6181,1.6
6182,14.39
6183,0
6184,0
6185,0
6186,0
6187,25.9
6188,0
6189,1.6
6190,0
6191,0.14
6192,0
6193,0
6194,0
6195,0
6196,0
6197,0
6198,0
6199,46.37
6200,13.2
6201,0
6202,0
6203,48.7
6204,0
6205,0
6206,0
6207,0
6208,58.55
6209,45
6210,23.76
6211,0
6212,0
6213,0
6214,0
6215,0
6216,0
6217,0
6218,9.8
6219,0
6220,0
6221,0
6222,0
6223,0
6224,0
6225,99.34
6226,33.36
6227,2.71
6228,14.39
6229,0
6230,0
6231,0
6232,0
6233,0
6234,0
6235,38.97
6236,0
6237,0
6238,0
6239,0
6240,0
6241,0
6242,0
6243,17.3
6244,0
6245,0
6246,14.39
6247,14.55
6248,0
6249,0.14
6250,48.62
6251,0
6252,0
6253,0
6254,0
6255,2.62
6256,44.53
6257,0
6258,0
6259,0
6260,0
6261,0
6262,0
6263,0
6264,1.9
6265,22.41
6266,22.41
6267,22.41
6268,22.41
6269,100
6270,0
6271,0
6272,99.01
6273,0
6274,33.36
6275,2.71
6276,0
6277,0
6278,0
6279,0
6280,0
6281,0
6282,0
6283,0
6284,0
6285,0
6286,0
6287,0
6288,0
6289,0
6290,10.88
6291,0
6292,0
6293,0
6294,0
6295,0
6296,0
6297,0
6298,0
6299,25.9
6300,0
6301,0
6302,89.96
6303,0
6304,0.65
6305,0
6306,12.45
6307,0.14
6308,0.17
6309,17.36
6310,17.36
6311,45.09
6312,45.09
6313,33.62
6314,42.63
6315,9.16
6316,2.62
6317,89.96
6318,56.58
6319,0
6320,0
6321,0
6322,0
6323,0
6324,77.7
6325,77.7
6326,17.9
6327,0
6328,0
6329,0
6330,0
6331,0
6332,13.13
6333,0
6334,0
6335,48.83
6336,48.83
6337,1.86
6338,0
6339,0
6340,0
6341,0
6342,0
6343,0
6344,0
6345,0
6346,0
6347,0
6348,0
6349,0
6350,0
6351,0
6352,58.9
6353,100
6354,48.83
6355,0
6356,0
6357,0
6358,0
6359,0
6360,12.74
6361,0
6362,0
6363,0
6364,0
6365,0
6366,0
6367,100
6368,0
6369,0
6370,83.96
6371,76.76
6372,0
6373,98.37
6374,13.58
6375,0
6376,0
6377,0
6378,0
6379,17.9
6380,0
6381,60.47
6382,60.47
6383,60.47
6384,0
6385,40.19
6386,40.19
6387,100
6388,40.19
6389,68.77
6390,26.15
6391,26.15
6392,26.15
6393,74.24
6394,74.24
6395,74.24
6396,74.24
6397,26.8
6398,26.8
6399,0
6400,0
6401,0
6402,0
6403,0
6404,0
6405,17.84
6406,3.93
6407,0
6408,0
6409,11.12
6410,41.03
6411,11.12
6412,11.12
6413,41.03
6414,0
6415,0
6416,0
6417,0
6418,0
6419,0
6420,2.65
6421,0
6422,4.17
6423,92
6424,0
6425,0
6426,0
6427,0
6428,0
6429,0
6430,0
6431,81.48
6432,100
6433,100
6434,0
6435,0
6436,98.37
6437,0
6438,0
6439,0
6440,0
6441,98.37
6442,0
6443,0
6444,93.2
6445,34.84
6446,0
6447,0
6448,0
6449,0
6450,0
6451,0
6452,7
6453,0
6454,0
6455,0
6456,7
6457,0
6458,0
6459,0
6460,0
6461,0
6462,0
6463,0
6464,0
6465,0
6466,0
6467,0
6468,0
6469,0
6470,0
6471,0
6472,0
6473,0
6474,0
6475,0
6476,64.25
6477,100
6478,100
6479,0
6480,39.19
6481,100
6482,0
6483,0
6484,0
6485,0
6486,0
6487,0
6488,26.8
6489,26.8
6490,39.19
6491,104.17
6492,104.17
6493,0
6494,36.84
6495,100
6496,101.32
6497,101.32
6498,0
6499,0
6500,83.96
6501,0
6502,0
6503,0
6504,56.17
6505,0
6506,56.17
6507,56.17
6508,0
6509,0
6510,30.42
6511,0
6512,0
6513,0
6514,0
6515,0
6516,0
6517,0
6518,0
6519,0
6520,0
6521,0
6522,0
6523,0
6524,0
6525,0
6526,0
6527,0
6528,0
6529,0
6530,0
6531,0
6532,0
6533,0
6534,0
6535,0
6536,30.57
6537,0
6538,0
6539,0
6540,0
6541,0
6542,0
6543,0
6544,0
6545,0
6546,0
6547,0
6548,0
6549,0
6550,0
6551,0
6552,0
6553,0
6554,0
6555,0
6556,0
6557,0
6558,0
6559,26.05
6560,0
6561,73.34
6562,0
6563,73.34
6564,0
6565,0
6566,0
6567,0
6568,0
6569,0
6570,0
6571,0
6572,0
6573,0
6574,0
6575,0
6576,0
6577,0
6578,0
6579,0
6580,0
6581,2.71
6582,0
6583,0
6584,0
6585,2.71
6586,0
6587,2.12
6588,72.44
6589,0
6590,0
6591,0
6592,0
6593,5.85
6594,0
6595,0
6596,5.85
6597,5.85
6598,0
6599,0
6600,101.32
6601,0
6602,0
6603,0
6604,0
6605,39.19
6606,0
6607,0
6608,0
6609,0
6610,0
6611,0
6612,0
6613,0
6614,100
6615,104.17
6616,0
6617,0
6618,0
6619,83.96
6620,0
6621,0
6622,0
6623,0
6624,0
6625,0
6626,92
6627,83.96
6628,39.19
6629,0
6630,0
6631,68.09
6632,0
6633,68.09
6634,54.86
6635,0
6636,0
6637,39.19
6638,17.9
6639,31.35
6640,23.87
6641,5
6642,8.5
6643,13.73
6644,4.65
6645,13.73
6646,7.11
6647,0
6648,10.27
6649,0
6650,0
6651,0
6652,0
6653,0
6654,0
6655,0
6656,0
6657,9.96
6658,0
6659,0
6660,0
6661,100
6662,100
6663,34.84
6664,0
6665,0
6666,0
6667,0
6668,0
6669,0
6670,0
6671,0
6672,9.96
6673,26.71
6674,0
6675,3.99
6676,95.17
6677,95.17
6678,0
6679,0
6680,0
6681,0
6682,1.31
6683,0
6684,7.08
6685,7.08
6686,0
6687,0
6688,0
6689,0
6690,0
6691,2.68
6692,0
6693,14.55
6694,13.73
6695,13.73
6696,4.32
6697,4.32
6698,0
6699,0
6700,0
6701,0
6702,6.92
6703,6.92
6704,0
6705,0
6706,0
6707,0
6708,0
6709,10.37
6710,0
6711,1.84
6712,0
6713,0
6714,0
6715,0
6716,0
6717,0
6718,1.55
6719,1.55
6720,0
6721,0
6722,0
6723,0
6724,0
6725,0
6726,0
6727,0
6728,13.64
6729,10.86
6730,10.8
6731,19.18
6732,15.46
6733,9.38
6734,9.38
6735,17.23
6736,9.38
6737,0
6738,0
6739,0
6740,0.65
6741,0.65
6742,0
6743,0
6744,0
6745,0
6746,0
6747,0
6748,0
6749,0
6750,0
6751,0
6752,11.12
6753,0
6754,92
6755,29.53
6756,0
6757,0
6758,0
6759,0
6760,0
6761,0
6762,0
6763,0
6764,0
6765,0
6766,0
6767,7
6768,0
6769,0
6770,0
6771,0
6772,81.48
6773,54.86
6774,0
6775,0
6776,0
6777,0
6778,81.48
6779,0
6780,60.53
6781,0
6782,0
6783,0
6784,60.53
6785,0
6786,0
6787,0
6788,72.44
6789,0
6790,0
6791,0
6792,36.84
6793,36.84
6794,0
6795,0
6796,0
6797,77.14
6798,0
6799,0
6800,0
6801,0
6802,0
6803,29.82
6804,0
6805,0
6806,0
6807,0
6808,0
6809,0
6810,0
6811,0
6812,0
6813,0
6814,0
6815,0
6816,0
6817,0
6818,100
6819,100
6820,0
6821,0
6822,0
6823,0
6824,101.32
6825,0
6826,11.66
6827,0
6828,0
6829,0
6830,77.14
6831,0
6832,0
6833,0
6834,0
6835,0
6836,0
6837,0
6838,0
6839,0
6840,0
6841,0
6842,0
6843,0
6844,0
6845,0
6846,0
6847,0
6848,0
6849,0
6850,0
6851,0
6852,0
6853,29.82
6854,0
6855,51.84
6856,0
6857,0
6858,0
6859,0
6860,0
6861,26.71
6862,25.21
6863,0
6864,72.44
6865,29.53
6866,74.24
6867,74.24
6868,74.24
6869,0
6870,0
6871,0
6872,29.53
6873,60.53
6874,29.53
6875,15.32
6876,15.32
6877,0
6878,0
6879,77.14
6880,0
6881,25.21
6882,29.53
6883,25.21
6884,0
6885,77.14
6886,0
6887,29.53
6888,0
6889,29.53
6890,39.19
6891,0
6892,0
6893,0
6894,0
6895,37.26
6896,0
6897,29.53
6898,30.42
6899,0
6900,0
6901,30.42
6902,30.42
6903,0
6904,0
6905,0
6906,0
6907,0
6908,39.19
6909,0
6910,0
6911,0
6912,0
6913,0
6914,0
6915,0
6916,29.53
6917,0
6918,75.04
6919,75.04
6920,0
6921,0
6922,0
6923,0
6924,0
6925,29.53
6926,83.96
6927,29.53
6928,29.53
6929,39.19
6930,77.14
6931,54.86
6932,0
6933,77.14
6934,0
6935,77.14
6936,49.81
6937,0
6938,82.92
6939,49.81
6940,25.74
6941,25.74
6942,82.38
6943,34.84
6944,100
6945,0
6946,0
6947,0
6948,0
6949,0
6950,0
6951,0
6952,0
6953,0
6954,0
6955,0
6956,26.8
6957,26.8
6958,38.63
6959,38.63
6960,63.18
6961,63.18
6962,1.97
6963,1.97
6964,8.87
6965,0
6966,0
6967,8.87
6968,26.8
6969,26.8
6970,0.65
6971,0.65
6972,0
6973,0
6974,0
6975,0
6976,0
6977,0
6978,0
6979,33.05
6980,33.05
6981,0
6982,0
6983,0
6984,0
6985,0
6986,0
6987,69.33
6988,69.33
6989,0
6990,69.33
6991,12.96
6992,55.81
6993,55.81
6994,69.33
6995,25.8
6996,25.8
6997,0
6998,0
6999,0
7000,95.14
7001,95.14
7002,0
7003,95.14
7004,100
7005,2
7006,0
7007,0
7008,29.01
7009,0
7010,0
7011,0
7012,0
7013,92.72
7014,0
7015,0
7016,25.8
7017,25.8
7018,0
7019,0
7020,0
7021,0
7022,0
7023,55.81
7024,55.81
7025,69.33
7026,55.81
7027,55.81
7028,0
7029,0
7030,0
7031,0
7032,0
7033,0
7034,0
7035,0
7036,0
7037,0
7038,0
7039,0
7040,0
7041,67.53
7042,82.92
7043,69.33
7044,12.96
7045,95.14
7046,82.92
7047,0
7048,0.53
7049,0
7050,0
7051,0
7052,0
7053,0
7054,0
7055,0
7056,0
7057,0
7058,0
7059,56.22
7060,0
7061,0
7062,0
7063,0
7064,31.83
7065,56.22
7066,0
7067,0
7068,0
7069,29.01
7070,100
7071,100
7072,61.47
7073,98.9
7074,0
7075,0
7076,0
7077,0
7078,0
7079,0
7080,0
7081,0
7082,0
7083,0
7084,0
7085,0
7086,0
7087,0
7088,0
7089,45.46
7090,6.47
7091,0
7092,0
7093,0
7094,0
7095,0
7096,0
7097,0
7098,9.89
7099,15.24
7100,0
7101,5.77
7102,0
7103,0
7104,40.59
7105,27.41
7106,0
7107,0
7108,0
7109,0
7110,0
7111,0
7112,0
7113,0
7114,0
7115,0
7116,0
7117,0
7118,0
7119,34.34
7120,34.34
7121,34.34
7122,34.34
7123,0
7124,0
7125,0
7126,0
7127,0
7128,53.2
7129,53.2
7130,53.2
7131,53.2
7132,47.33
7133,47.33
7134,0
7135,0
7136,0
7137,0
7138,0
7139,7.82
7140,0
7141,0
7142,40.68
7143,14.99
7144,0
7145,0
7146,0
7147,0
7148,0
7149,39.51
7150,0
7151,0
7152,0
7153,0
7154,0
7155,0
7156,0
7157,39.51
7158,0
7159,0
7160,0
7161,0
7162,0
7163,0
7164,0
7165,0
7166,0
7167,39.51
7168,0
7169,0
7170,0
7171,0
7172,0
7173,77.14
7174,77.14
7175,75.04
7176,43.43
7177,0
7178,60.3
7179,31.83
7180,72.72
7181,75.04
7182,0
7183,0
7184,0
7185,0
7186,0
7187,0
7188,0
7189,0
7190,0
7191,0
7192,0
7193,0
7194,0
7195,0
7196,0
7197,0
7198,0
7199,0
7200,0
7201,0
7202,0
7203,0
7204,0
7205,0
7206,0
7207,17.68
7208,0
7209,42.39
7210,0
7211,0
7212,17.19
7213,42.39
7214,0
7215,0
7216,27.71
7217,0
7218,0
7219,0
7220,0
7221,48.89
7222,0
7223,17.9
7224,0
7225,0
7226,0
7227,0
7228,17.68
7229,0
7230,0
7231,0
7232,17.68
7233,0
7234,17.68
7235,0
7236,0
7237,60.3
7238,0
7239,0
7240,0
7241,0
7242,17.68
7243,17.68
7244,75.04
7245,75.04
7246,0
7247,17.19
7248,0
7249,17.68
7250,0
7251,0
7252,0
7253,0
7254,0
7255,0
7256,0
7257,0
7258,0
7259,0
7260,0
7261,0
7262,0
7263,0
7264,0
7265,0
7266,0
7267,0
7268,0
7269,0
7270,17.68
7271,0
7272,17.68
7273,0
7274,0
7275,44.51
7276,0
7277,0
7278,17.68
7279,0
7280,0
7281,0
7282,5.18
7283,0
7284,0
7285,13.67
7286,0
7287,0
7288,17.19
7289,0
7290,0
7291,33.05
7292,0
7293,0
7294,0
7295,0
7296,0
7297,0
7298,0
7299,0
7300,0
7301,46.33
7302,46.33
7303,0
7304,0
7305,0
7306,0
7307,26.44
7308,26.44
7309,0
7310,35.19
7311,99.34
7312,0
7313,0
7314,0
7315,0
7316,0
7317,0
7318,0
7319,0
7320,0
7321,0
7322,0
7323,34.84
7324,3.28
7325,3.28
7326,3.28
7327,3.28
7328,0
7329,0
7330,45.02
7331,23.95
7332,29.01
7333,0
7334,0
7335,0
7336,0
7337,0
7338,0
7339,0
7340,0
7341,0
7342,0
7343,23.95
7344,0
7345,0
7346,0
7347,0
7348,0
7349,0
7350,0
7351,0
7352,0
7353,0
7354,0
7355,0
7356,10.37
7357,0
7358,0
7359,0
7360,0
7361,0
7362,0
7363,55.81
7364,55.81
7365,0
7366,0
7367,37.26
7368,0
7369,0
7370,0
7371,0
7372,28.32
7373,17.9
7374,2
7375,0
7376,0
7377,0
7378,0
7379,0
7380,0
7381,0
7382,0
7383,0
7384,0
7385,2
7386,2
7387,0
7388,2
7389,0
7390,0
7391,0
7392,0
7393,0
7394,0
7395,32.71
7396,26.16
7397,26.16
7398,0
7399,50.3
7400,0
7401,1.76
7402,0
7403,32.71
7404,0
7405,0
7406,0
7407,68.72
7408,68.72
7409,68.72
7410,0
7411,0
7412,1.76
7413,5.52
7414,2.9
7415,0
7416,0
7417,0
7418,0
7419,0
7420,0
7421,0
7422,0
7423,0
7424,0
7425,0
7426,0
7427,0
7428,39.51
7429,72.44
7430,0
7431,0
7432,0
7433,0
7434,4.6
7435,24.67
7436,0
7437,26.05
7438,33.71
7439,61.47
7440,0
7441,0
7442,0
7443,0
7444,0
7445,0
7446,0
7447,0
7448,17.68
7449,17.68
7450,0
7451,0
7452,0
7453,73.58
7454,0
7455,0
7456,0
7457,0
7458,0
7459,0
7460,0
7461,0
7462,0
7463,0
7464,14.99
7465,14.99
7466,0
7467,0
7468,0
7469,0
7470,0
7471,0
7472,0
7473,0
7474,0
7475,0
7476,3.81
7477,0
7478,0
7479,0
7480,0
7481,0
7482,0
7483,0
7484,0
7485,0
7486,0
7487,0
7488,0
7489,98.28
7490,0
7491,0
7492,0
7493,40.68
7494,23.74
7495,23.52
7496,22.4
7497,23.52
7498,23.52
7499,47.96
7500,0
7501,0
7502,0
7503,0
7504,0
7505,0
7506,8.11
7507,0
7508,0
7509,0
7510,0
7511,0
7512,47.96
7513,0
7514,0
7515,0
7516,0
7517,15.9
7518,9.89
7519,23.95
7520,0
7521,40.59
7522,0
7523,0
7524,39.19
7525,39.19
7526,39.19
7527,39.19
7528,39.19
7529,39.19
7530,39.19
7531,39.19
7532,39.19
7533,39.19
7534,39.19
7535,39.19
7536,0
7537,0
7538,0
7539,0
7540,0
7541,0
7542,32.71
7543,0
7544,10.37
7545,0
7546,0
7547,0
7548,0
7549,0
7550,0
7551,74.83
7552,52.03
7553,0
7554,0
7555,0
7556,0
7557,0
7558,28.32
7559,0
7560,65.88
7561,33.05
7562,65.88
7563,0
7564,0
7565,56.58
7566,0
7567,0
7568,0
7569,0
7570,0
7571,0
7572,0
7573,0
7574,0
7575,15.04
7576,0
7577,0
7578,0
7579,0
7580,0
7581,0
7582,0
7583,0
7584,7.96
7585,0
7586,5.2
7587,0
7588,0
7589,13.08
7590,0
7591,0
7592,11.93
7593,0
7594,0
7595,0
7596,0
7597,0
7598,0
7599,0
7600,0
7601,0
7602,0
7603,0
7604,0
7605,0
7606,0
7607,0
7608,0
7609,27.41
7610,0
7611,0
7612,0
7613,0
7614,0
7615,0
7616,0
7617,0
7618,0
7619,0
7620,0
7621,0
